{"cameraMode":{"drawMode":0,"name":"Shaded","section":"Shading Mode"},"sceneLighting":true,"audioPlay":false,"sceneViewState":{"showFog":true,"showMaterialUpdate":false,"showSkybox":true,"showFlares":true,"showImageEffects":true,"showParticleSystems":true},"in2DMode":false,"pivot":{"x":807.67236328125,"y":1321.1004638671875,"z":284.03472900390627},"rotation":{"x":0.07806383818387985,"y":0.31925591826438906,"z":0.026398951187729837,"w":-0.944084882736206},"size":691.848388671875,"orthographic":false}